uf,ibge,municipio,parametro,valor,ano_quadrimestre,ano,quadrimestre
ES,320120.0,CACHOEIRO DE ITAPEMIRIM,210569.0,130253.0,2018 Q1,2018,Q1
ES,320501.0,SOORETAMA,13750.0,14226.0,2018 Q1,2018,Q1
ES,320506.0,VENDA NOVA DO IMIGRANTE,22000.0,22816.0,2018 Q1,2018,Q1
ES,320280.0,ITAPEMIRIM,27500.0,26584.0,2018 Q1,2018,Q1
ES,320300.0,IÚNA,27500.0,20007.0,2018 Q1,2018,Q1
ES,320360.0,MUCURICI,5496.0,4905.0,2018 Q1,2018,Q1
ES,320390.0,NOVA VENÉCIA,50427.0,39970.0,2018 Q1,2018,Q1
ES,320440.0,RIO NOVO DO SUL,11622.0,8900.0,2018 Q1,2018,Q1
ES,320450.0,SANTA LEOPOLDINA,12195.0,6231.0,2018 Q1,2018,Q1
ES,320455.0,SANTA MARIA DE JETIBÁ,41010.0,24870.0,2018 Q1,2018,Q1
ES,320503.0,VARGEM ALTA,21584.0,11121.0,2018 Q1,2018,Q1
ES,320530.0,VITÓRIA,365814.0,84258.0,2018 Q1,2018,Q1
ES,320240.0,GUARAPARI,76000.0,37022.0,2018 Q1,2018,Q1
ES,320332.0,MARATAÍZES,30250.0,17326.0,2018 Q1,2018,Q1
ES,320400.0,PANCAS,22000.0,19358.0,2018 Q1,2018,Q1
ES,320410.0,PINHEIROS,19250.0,12998.0,2018 Q1,2018,Q1
ES,320460.0,SANTA TERESA,23724.0,17843.0,2018 Q1,2018,Q1
ES,320180.0,DIVINO DE SÃO LOURENÇO,4270.0,382.0,2018 Q1,2018,Q1
ES,320515.0,VILA PAVÃO,5500.0,6399.0,2018 Q1,2018,Q1
ES,320225.0,GOVERNADOR LINDENBERG,12880.0,10824.0,2018 Q1,2018,Q1
ES,320230.0,GUAÇUÍ,27500.0,14656.0,2018 Q1,2018,Q1
ES,320310.0,JERÔNIMO MONTEIRO,11000.0,7770.0,2018 Q1,2018,Q1
ES,320313.0,JOÃO NEIVA,16500.0,11653.0,2018 Q1,2018,Q1
ES,320016.0,ÁGUA DOCE DO NORTE,10908.0,9951.0,2018 Q1,2018,Q1
ES,320070.0,ATILIO VIVACQUA,12102.0,8363.0,2018 Q1,2018,Q1
ES,320080.0,BAIXO GUANDU,30250.0,20515.0,2018 Q1,2018,Q1
ES,320110.0,BOM JESUS DO NORTE,9960.0,5749.0,2018 Q1,2018,Q1
ES,320405.0,PEDRO CANÁRIO,16500.0,10790.0,2018 Q1,2018,Q1
ES,320425.0,PONTO BELO,7938.0,6139.0,2018 Q1,2018,Q1
ES,320435.0,RIO BANANAL,19250.0,18179.0,2018 Q1,2018,Q1
ES,320465.0,SÃO DOMINGOS DO NORTE,8250.0,7302.0,2018 Q1,2018,Q1
ES,320150.0,COLATINA,123372.0,36010.0,2018 Q1,2018,Q1
ES,320510.0,VIANA,79500.0,19575.0,2018 Q1,2018,Q1
ES,320520.0,VILA VELHA,250000.0,3595.0,2018 Q1,2018,Q1
ES,320255.0,IBITIRAMA,8856.0,4593.0,2018 Q1,2018,Q1
ES,320290.0,ITARANA,10492.0,10746.0,2018 Q1,2018,Q1
ES,320013.0,ÁGUIA BRANCA,9628.0,7705.0,2018 Q1,2018,Q1
ES,320340.0,MIMOSO DO SUL,26112.0,20173.0,2018 Q1,2018,Q1
ES,320430.0,PRESIDENTE KENNEDY,11658.0,10242.0,2018 Q1,2018,Q1
ES,320490.0,SÃO MATEUS,120000.0,52604.0,2018 Q1,2018,Q1
ES,320500.0,SERRA,404000.0,14676.0,2018 Q1,2018,Q1
ES,320160.0,CONCEIÇÃO DA BARRA,24750.0,23842.0,2018 Q1,2018,Q1
ES,320250.0,IBIRAÇU,11000.0,8690.0,2018 Q1,2018,Q1
ES,320260.0,ICONHA,13750.0,8905.0,2018 Q1,2018,Q1
ES,320316.0,LARANJA DA TERRA,10932.0,5657.0,2018 Q1,2018,Q1
ES,320040.0,ANCHIETA,29772.0,12224.0,2018 Q1,2018,Q1
ES,320060.0,ARACRUZ,96000.0,40722.0,2018 Q1,2018,Q1
ES,320330.0,MANTENÓPOLIS,13750.0,13154.0,2018 Q1,2018,Q1
ES,320335.0,MARILÂNDIA,12960.0,12223.0,2018 Q1,2018,Q1
ES,320100.0,BOA ESPERANÇA,15090.0,13000.0,2018 Q1,2018,Q1
ES,320380.0,MUQUI,13750.0,9589.0,2018 Q1,2018,Q1
ES,320420.0,PIÚMA,22050.0,3722.0,2018 Q1,2018,Q1
ES,320470.0,SÃO GABRIEL DA PALHA,27500.0,24562.0,2018 Q1,2018,Q1
ES,320495.0,SÃO ROQUE DO CANAÃ,11000.0,8822.0,2018 Q1,2018,Q1
ES,320140.0,CASTELO,35750.0,22811.0,2018 Q1,2018,Q1
ES,320220.0,FUNDÃO,16000.0,220.0,2018 Q1,2018,Q1
ES,320245.0,IBATIBA,16500.0,9118.0,2018 Q1,2018,Q1
ES,320320.0,LINHARES,156000.0,48409.0,2018 Q1,2018,Q1
ES,320030.0,ALFREDO CHAVES,11000.0,9400.0,2018 Q1,2018,Q1
ES,320035.0,ALTO RIO NOVO,7872.0,1446.0,2018 Q1,2018,Q1
ES,320350.0,MONTANHA,18888.0,12380.0,2018 Q1,2018,Q1
ES,320370.0,MUNIZ FREIRE,17312.0,12709.0,2018 Q1,2018,Q1
ES,320115.0,BREJETUBA,12425.0,4962.0,2018 Q1,2018,Q1
ES,320190.0,DOMINGOS MARTINS,24750.0,21917.0,2018 Q1,2018,Q1
ES,320200.0,DORES DO RIO PRETO,6771.0,4572.0,2018 Q1,2018,Q1
ES,320210.0,ECOPORANGA,22000.0,12486.0,2018 Q1,2018,Q1
ES,320517.0,VILA VALÉRIO,14070.0,13006.0,2018 Q1,2018,Q1
ES,320265.0,IRUPI,11000.0,3573.0,2018 Q1,2018,Q1
ES,320270.0,ITAGUAÇU,13750.0,5470.0,2018 Q1,2018,Q1
ES,320334.0,MARECHAL FLORIANO,16919.0,13096.0,2018 Q1,2018,Q1
ES,320090.0,BARRA DE SÃO FRANCISCO,33000.0,29853.0,2018 Q1,2018,Q1
ES,320480.0,SÃO JOSÉ DO CALÇADO,10544.0,8685.0,2018 Q1,2018,Q1
ES,320130.0,CARIACICA,224000.0,7560.0,2018 Q1,2018,Q1
ES,320170.0,CONCEIÇÃO DO CASTELO,11000.0,7679.0,2018 Q1,2018,Q1
ES,320305.0,JAGUARÉ,24062.0,5306.0,2018 Q1,2018,Q1
ES,320010.0,AFONSO CLÁUDIO,27500.0,29198.0,2018 Q1,2018,Q1
ES,320020.0,ALEGRE,27500.0,10819.0,2018 Q1,2018,Q1
ES,320050.0,APIACÁ,7554.0,3616.0,2018 Q1,2018,Q1
ES,320120.0,CACHOEIRO DE ITAPEMIRIM,210569.0,141456.0,2018 Q2,2018,Q2
ES,320501.0,SOORETAMA,13750.0,15736.0,2018 Q2,2018,Q2
ES,320506.0,VENDA NOVA DO IMIGRANTE,22000.0,23931.0,2018 Q2,2018,Q2
ES,320280.0,ITAPEMIRIM,27500.0,27417.0,2018 Q2,2018,Q2
ES,320300.0,IÚNA,27500.0,21536.0,2018 Q2,2018,Q2
ES,320360.0,MUCURICI,5496.0,5074.0,2018 Q2,2018,Q2
ES,320390.0,NOVA VENÉCIA,50427.0,39859.0,2018 Q2,2018,Q2
ES,320440.0,RIO NOVO DO SUL,11622.0,9412.0,2018 Q2,2018,Q2
ES,320450.0,SANTA LEOPOLDINA,12195.0,6355.0,2018 Q2,2018,Q2
ES,320455.0,SANTA MARIA DE JETIBÁ,41010.0,26421.0,2018 Q2,2018,Q2
ES,320503.0,VARGEM ALTA,21584.0,11989.0,2018 Q2,2018,Q2
ES,320530.0,VITÓRIA,365814.0,100206.0,2018 Q2,2018,Q2
ES,320240.0,GUARAPARI,76000.0,39639.0,2018 Q2,2018,Q2
ES,320332.0,MARATAÍZES,30250.0,17530.0,2018 Q2,2018,Q2
ES,320400.0,PANCAS,22000.0,20152.0,2018 Q2,2018,Q2
ES,320410.0,PINHEIROS,19250.0,14200.0,2018 Q2,2018,Q2
ES,320460.0,SANTA TERESA,23724.0,18315.0,2018 Q2,2018,Q2
ES,320180.0,DIVINO DE SÃO LOURENÇO,4270.0,671.0,2018 Q2,2018,Q2
ES,320515.0,VILA PAVÃO,5500.0,6521.0,2018 Q2,2018,Q2
ES,320225.0,GOVERNADOR LINDENBERG,12880.0,11199.0,2018 Q2,2018,Q2
ES,320230.0,GUAÇUÍ,27500.0,15775.0,2018 Q2,2018,Q2
ES,320310.0,JERÔNIMO MONTEIRO,11000.0,7858.0,2018 Q2,2018,Q2
ES,320313.0,JOÃO NEIVA,16500.0,12768.0,2018 Q2,2018,Q2
ES,320016.0,ÁGUA DOCE DO NORTE,10908.0,10011.0,2018 Q2,2018,Q2
ES,320070.0,ATILIO VIVACQUA,12102.0,8512.0,2018 Q2,2018,Q2
ES,320080.0,BAIXO GUANDU,30250.0,21569.0,2018 Q2,2018,Q2
ES,320110.0,BOM JESUS DO NORTE,9960.0,7132.0,2018 Q2,2018,Q2
ES,320405.0,PEDRO CANÁRIO,16500.0,10386.0,2018 Q2,2018,Q2
ES,320425.0,PONTO BELO,7938.0,6593.0,2018 Q2,2018,Q2
ES,320435.0,RIO BANANAL,19250.0,18978.0,2018 Q2,2018,Q2
ES,320465.0,SÃO DOMINGOS DO NORTE,8250.0,7870.0,2018 Q2,2018,Q2
ES,320150.0,COLATINA,123372.0,41447.0,2018 Q2,2018,Q2
ES,320510.0,VIANA,79500.0,24655.0,2018 Q2,2018,Q2
ES,320520.0,VILA VELHA,250000.0,6013.0,2018 Q2,2018,Q2
ES,320255.0,IBITIRAMA,8856.0,5501.0,2018 Q2,2018,Q2
ES,320290.0,ITARANA,10492.0,10987.0,2018 Q2,2018,Q2
ES,320013.0,ÁGUIA BRANCA,9628.0,9671.0,2018 Q2,2018,Q2
ES,320340.0,MIMOSO DO SUL,26112.0,20992.0,2018 Q2,2018,Q2
ES,320430.0,PRESIDENTE KENNEDY,11658.0,11657.0,2018 Q2,2018,Q2
ES,320490.0,SÃO MATEUS,120000.0,60155.0,2018 Q2,2018,Q2
ES,320500.0,SERRA,404000.0,18982.0,2018 Q2,2018,Q2
ES,320160.0,CONCEIÇÃO DA BARRA,24750.0,25830.0,2018 Q2,2018,Q2
ES,320250.0,IBIRAÇU,11000.0,9065.0,2018 Q2,2018,Q2
ES,320260.0,ICONHA,13750.0,10617.0,2018 Q2,2018,Q2
ES,320316.0,LARANJA DA TERRA,10932.0,5837.0,2018 Q2,2018,Q2
ES,320040.0,ANCHIETA,29772.0,15214.0,2018 Q2,2018,Q2
ES,320060.0,ARACRUZ,96000.0,44571.0,2018 Q2,2018,Q2
ES,320330.0,MANTENÓPOLIS,13750.0,13917.0,2018 Q2,2018,Q2
ES,320335.0,MARILÂNDIA,12960.0,12519.0,2018 Q2,2018,Q2
ES,320100.0,BOA ESPERANÇA,15090.0,13602.0,2018 Q2,2018,Q2
ES,320380.0,MUQUI,13750.0,10717.0,2018 Q2,2018,Q2
ES,320420.0,PIÚMA,22050.0,3649.0,2018 Q2,2018,Q2
ES,320470.0,SÃO GABRIEL DA PALHA,27500.0,25715.0,2018 Q2,2018,Q2
ES,320495.0,SÃO ROQUE DO CANAÃ,11000.0,9342.0,2018 Q2,2018,Q2
ES,320140.0,CASTELO,35750.0,24371.0,2018 Q2,2018,Q2
ES,320220.0,FUNDÃO,16000.0,217.0,2018 Q2,2018,Q2
ES,320245.0,IBATIBA,16500.0,9586.0,2018 Q2,2018,Q2
ES,320320.0,LINHARES,156000.0,58001.0,2018 Q2,2018,Q2
ES,320030.0,ALFREDO CHAVES,11000.0,12332.0,2018 Q2,2018,Q2
ES,320035.0,ALTO RIO NOVO,7872.0,1481.0,2018 Q2,2018,Q2
ES,320350.0,MONTANHA,18888.0,13093.0,2018 Q2,2018,Q2
ES,320370.0,MUNIZ FREIRE,17312.0,11533.0,2018 Q2,2018,Q2
ES,320115.0,BREJETUBA,12425.0,4811.0,2018 Q2,2018,Q2
ES,320190.0,DOMINGOS MARTINS,24750.0,22768.0,2018 Q2,2018,Q2
ES,320200.0,DORES DO RIO PRETO,6771.0,5073.0,2018 Q2,2018,Q2
ES,320210.0,ECOPORANGA,22000.0,13751.0,2018 Q2,2018,Q2
ES,320517.0,VILA VALÉRIO,14070.0,14037.0,2018 Q2,2018,Q2
ES,320265.0,IRUPI,11000.0,4178.0,2018 Q2,2018,Q2
ES,320270.0,ITAGUAÇU,13750.0,6567.0,2018 Q2,2018,Q2
ES,320334.0,MARECHAL FLORIANO,16919.0,13864.0,2018 Q2,2018,Q2
ES,320090.0,BARRA DE SÃO FRANCISCO,33000.0,31280.0,2018 Q2,2018,Q2
ES,320480.0,SÃO JOSÉ DO CALÇADO,10544.0,8785.0,2018 Q2,2018,Q2
ES,320130.0,CARIACICA,224000.0,9873.0,2018 Q2,2018,Q2
ES,320170.0,CONCEIÇÃO DO CASTELO,11000.0,8316.0,2018 Q2,2018,Q2
ES,320305.0,JAGUARÉ,24062.0,7713.0,2018 Q2,2018,Q2
ES,320010.0,AFONSO CLÁUDIO,27500.0,30105.0,2018 Q2,2018,Q2
ES,320020.0,ALEGRE,27500.0,11231.0,2018 Q2,2018,Q2
ES,320050.0,APIACÁ,7554.0,3629.0,2018 Q2,2018,Q2
ES,320120.0,CACHOEIRO DE ITAPEMIRIM,210569.0,144655.0,2018 Q3,2018,Q3
ES,320501.0,SOORETAMA,13750.0,15956.0,2018 Q3,2018,Q3
ES,320506.0,VENDA NOVA DO IMIGRANTE,22000.0,24752.0,2018 Q3,2018,Q3
ES,320280.0,ITAPEMIRIM,27500.0,29251.0,2018 Q3,2018,Q3
ES,320300.0,IÚNA,27500.0,22576.0,2018 Q3,2018,Q3
ES,320360.0,MUCURICI,5496.0,5196.0,2018 Q3,2018,Q3
ES,320390.0,NOVA VENÉCIA,50427.0,40687.0,2018 Q3,2018,Q3
ES,320440.0,RIO NOVO DO SUL,11622.0,9977.0,2018 Q3,2018,Q3
ES,320450.0,SANTA LEOPOLDINA,12195.0,6396.0,2018 Q3,2018,Q3
ES,320455.0,SANTA MARIA DE JETIBÁ,41010.0,26615.0,2018 Q3,2018,Q3
ES,320503.0,VARGEM ALTA,21584.0,13609.0,2018 Q3,2018,Q3
ES,320530.0,VITÓRIA,365814.0,111782.0,2018 Q3,2018,Q3
ES,320240.0,GUARAPARI,76000.0,41780.0,2018 Q3,2018,Q3
ES,320332.0,MARATAÍZES,30250.0,17594.0,2018 Q3,2018,Q3
ES,320400.0,PANCAS,22000.0,20508.0,2018 Q3,2018,Q3
ES,320410.0,PINHEIROS,19250.0,15300.0,2018 Q3,2018,Q3
ES,320460.0,SANTA TERESA,23724.0,18983.0,2018 Q3,2018,Q3
ES,320180.0,DIVINO DE SÃO LOURENÇO,4270.0,1227.0,2018 Q3,2018,Q3
ES,320515.0,VILA PAVÃO,5500.0,6665.0,2018 Q3,2018,Q3
ES,320225.0,GOVERNADOR LINDENBERG,12880.0,11546.0,2018 Q3,2018,Q3
ES,320230.0,GUAÇUÍ,27500.0,16645.0,2018 Q3,2018,Q3
ES,320310.0,JERÔNIMO MONTEIRO,11000.0,8747.0,2018 Q3,2018,Q3
ES,320313.0,JOÃO NEIVA,16500.0,13097.0,2018 Q3,2018,Q3
ES,320016.0,ÁGUA DOCE DO NORTE,10908.0,10030.0,2018 Q3,2018,Q3
ES,320070.0,ATILIO VIVACQUA,12102.0,8672.0,2018 Q3,2018,Q3
ES,320080.0,BAIXO GUANDU,30250.0,21844.0,2018 Q3,2018,Q3
ES,320110.0,BOM JESUS DO NORTE,9960.0,7446.0,2018 Q3,2018,Q3
ES,320405.0,PEDRO CANÁRIO,16500.0,11722.0,2018 Q3,2018,Q3
ES,320425.0,PONTO BELO,7938.0,6982.0,2018 Q3,2018,Q3
ES,320435.0,RIO BANANAL,19250.0,19186.0,2018 Q3,2018,Q3
ES,320465.0,SÃO DOMINGOS DO NORTE,8250.0,8302.0,2018 Q3,2018,Q3
ES,320150.0,COLATINA,123372.0,45807.0,2018 Q3,2018,Q3
ES,320510.0,VIANA,79500.0,29316.0,2018 Q3,2018,Q3
ES,320520.0,VILA VELHA,250000.0,8264.0,2018 Q3,2018,Q3
ES,320255.0,IBITIRAMA,8856.0,5903.0,2018 Q3,2018,Q3
ES,320290.0,ITARANA,10492.0,11134.0,2018 Q3,2018,Q3
ES,320013.0,ÁGUIA BRANCA,9628.0,10011.0,2018 Q3,2018,Q3
ES,320340.0,MIMOSO DO SUL,26112.0,21563.0,2018 Q3,2018,Q3
ES,320430.0,PRESIDENTE KENNEDY,11658.0,13478.0,2018 Q3,2018,Q3
ES,320490.0,SÃO MATEUS,120000.0,67672.0,2018 Q3,2018,Q3
ES,320500.0,SERRA,404000.0,25189.0,2018 Q3,2018,Q3
ES,320160.0,CONCEIÇÃO DA BARRA,24750.0,26674.0,2018 Q3,2018,Q3
ES,320250.0,IBIRAÇU,11000.0,8996.0,2018 Q3,2018,Q3
ES,320260.0,ICONHA,13750.0,10639.0,2018 Q3,2018,Q3
ES,320316.0,LARANJA DA TERRA,10932.0,8032.0,2018 Q3,2018,Q3
ES,320040.0,ANCHIETA,29772.0,23367.0,2018 Q3,2018,Q3
ES,320060.0,ARACRUZ,96000.0,47887.0,2018 Q3,2018,Q3
ES,320330.0,MANTENÓPOLIS,13750.0,14260.0,2018 Q3,2018,Q3
ES,320335.0,MARILÂNDIA,12960.0,12918.0,2018 Q3,2018,Q3
ES,320100.0,BOA ESPERANÇA,15090.0,14098.0,2018 Q3,2018,Q3
ES,320380.0,MUQUI,13750.0,11128.0,2018 Q3,2018,Q3
ES,320420.0,PIÚMA,22050.0,3331.0,2018 Q3,2018,Q3
ES,320470.0,SÃO GABRIEL DA PALHA,27500.0,26387.0,2018 Q3,2018,Q3
ES,320495.0,SÃO ROQUE DO CANAÃ,11000.0,9712.0,2018 Q3,2018,Q3
ES,320140.0,CASTELO,35750.0,26040.0,2018 Q3,2018,Q3
ES,320220.0,FUNDÃO,16000.0,206.0,2018 Q3,2018,Q3
ES,320245.0,IBATIBA,16500.0,10244.0,2018 Q3,2018,Q3
ES,320320.0,LINHARES,156000.0,66672.0,2018 Q3,2018,Q3
ES,320030.0,ALFREDO CHAVES,11000.0,12769.0,2018 Q3,2018,Q3
ES,320035.0,ALTO RIO NOVO,7872.0,1464.0,2018 Q3,2018,Q3
ES,320350.0,MONTANHA,18888.0,13560.0,2018 Q3,2018,Q3
ES,320370.0,MUNIZ FREIRE,17312.0,12818.0,2018 Q3,2018,Q3
ES,320115.0,BREJETUBA,12425.0,4766.0,2018 Q3,2018,Q3
ES,320190.0,DOMINGOS MARTINS,24750.0,23188.0,2018 Q3,2018,Q3
ES,320200.0,DORES DO RIO PRETO,6771.0,5081.0,2018 Q3,2018,Q3
ES,320210.0,ECOPORANGA,22000.0,14874.0,2018 Q3,2018,Q3
ES,320517.0,VILA VALÉRIO,14070.0,14450.0,2018 Q3,2018,Q3
ES,320265.0,IRUPI,11000.0,4550.0,2018 Q3,2018,Q3
ES,320270.0,ITAGUAÇU,13750.0,7470.0,2018 Q3,2018,Q3
ES,320334.0,MARECHAL FLORIANO,16919.0,14350.0,2018 Q3,2018,Q3
ES,320090.0,BARRA DE SÃO FRANCISCO,33000.0,31969.0,2018 Q3,2018,Q3
ES,320480.0,SÃO JOSÉ DO CALÇADO,10544.0,9377.0,2018 Q3,2018,Q3
ES,320130.0,CARIACICA,224000.0,11364.0,2018 Q3,2018,Q3
ES,320170.0,CONCEIÇÃO DO CASTELO,11000.0,8938.0,2018 Q3,2018,Q3
ES,320305.0,JAGUARÉ,24062.0,11760.0,2018 Q3,2018,Q3
ES,320010.0,AFONSO CLÁUDIO,27500.0,30693.0,2018 Q3,2018,Q3
ES,320020.0,ALEGRE,27500.0,11212.0,2018 Q3,2018,Q3
ES,320050.0,APIACÁ,7554.0,3654.0,2018 Q3,2018,Q3
ES,320120.0,CACHOEIRO DE ITAPEMIRIM,210569.0,147042.0,2019 Q1,2019,Q1
ES,320501.0,SOORETAMA,13750.0,16238.0,2019 Q1,2019,Q1
ES,320506.0,VENDA NOVA DO IMIGRANTE,22000.0,25436.0,2019 Q1,2019,Q1
ES,320280.0,ITAPEMIRIM,27500.0,30146.0,2019 Q1,2019,Q1
ES,320300.0,IÚNA,27500.0,23271.0,2019 Q1,2019,Q1
ES,320360.0,MUCURICI,5496.0,5257.0,2019 Q1,2019,Q1
ES,320390.0,NOVA VENÉCIA,50427.0,41982.0,2019 Q1,2019,Q1
ES,320440.0,RIO NOVO DO SUL,11622.0,10094.0,2019 Q1,2019,Q1
ES,320450.0,SANTA LEOPOLDINA,12195.0,6577.0,2019 Q1,2019,Q1
ES,320455.0,SANTA MARIA DE JETIBÁ,41010.0,27492.0,2019 Q1,2019,Q1
ES,320503.0,VARGEM ALTA,21584.0,12689.0,2019 Q1,2019,Q1
ES,320530.0,VITÓRIA,365814.0,123592.0,2019 Q1,2019,Q1
ES,320240.0,GUARAPARI,76000.0,44155.0,2019 Q1,2019,Q1
ES,320332.0,MARATAÍZES,30250.0,17660.0,2019 Q1,2019,Q1
ES,320400.0,PANCAS,22000.0,20902.0,2019 Q1,2019,Q1
ES,320410.0,PINHEIROS,19250.0,16400.0,2019 Q1,2019,Q1
ES,320460.0,SANTA TERESA,23724.0,19616.0,2019 Q1,2019,Q1
ES,320180.0,DIVINO DE SÃO LOURENÇO,4270.0,3266.0,2019 Q1,2019,Q1
ES,320515.0,VILA PAVÃO,5500.0,6640.0,2019 Q1,2019,Q1
ES,320225.0,GOVERNADOR LINDENBERG,12880.0,11803.0,2019 Q1,2019,Q1
ES,320230.0,GUAÇUÍ,27500.0,17914.0,2019 Q1,2019,Q1
ES,320310.0,JERÔNIMO MONTEIRO,11000.0,8829.0,2019 Q1,2019,Q1
ES,320313.0,JOÃO NEIVA,16500.0,13314.0,2019 Q1,2019,Q1
ES,320016.0,ÁGUA DOCE DO NORTE,10908.0,10210.0,2019 Q1,2019,Q1
ES,320070.0,ATILIO VIVACQUA,12102.0,8397.0,2019 Q1,2019,Q1
ES,320080.0,BAIXO GUANDU,30250.0,25078.0,2019 Q1,2019,Q1
ES,320110.0,BOM JESUS DO NORTE,9960.0,7466.0,2019 Q1,2019,Q1
ES,320405.0,PEDRO CANÁRIO,16500.0,13325.0,2019 Q1,2019,Q1
ES,320425.0,PONTO BELO,7938.0,7023.0,2019 Q1,2019,Q1
ES,320435.0,RIO BANANAL,19250.0,19163.0,2019 Q1,2019,Q1
ES,320465.0,SÃO DOMINGOS DO NORTE,8250.0,8777.0,2019 Q1,2019,Q1
ES,320150.0,COLATINA,123372.0,49095.0,2019 Q1,2019,Q1
ES,320510.0,VIANA,79500.0,34235.0,2019 Q1,2019,Q1
ES,320520.0,VILA VELHA,250000.0,10273.0,2019 Q1,2019,Q1
ES,320255.0,IBITIRAMA,8856.0,6133.0,2019 Q1,2019,Q1
ES,320290.0,ITARANA,10492.0,11409.0,2019 Q1,2019,Q1
ES,320013.0,ÁGUIA BRANCA,9628.0,10322.0,2019 Q1,2019,Q1
ES,320340.0,MIMOSO DO SUL,26112.0,21776.0,2019 Q1,2019,Q1
ES,320430.0,PRESIDENTE KENNEDY,11658.0,14202.0,2019 Q1,2019,Q1
ES,320490.0,SÃO MATEUS,120000.0,71626.0,2019 Q1,2019,Q1
ES,320500.0,SERRA,404000.0,32067.0,2019 Q1,2019,Q1
ES,320160.0,CONCEIÇÃO DA BARRA,24750.0,27087.0,2019 Q1,2019,Q1
ES,320250.0,IBIRAÇU,11000.0,9032.0,2019 Q1,2019,Q1
ES,320260.0,ICONHA,13750.0,10895.0,2019 Q1,2019,Q1
ES,320316.0,LARANJA DA TERRA,10932.0,8551.0,2019 Q1,2019,Q1
ES,320040.0,ANCHIETA,29772.0,26632.0,2019 Q1,2019,Q1
ES,320060.0,ARACRUZ,96000.0,51392.0,2019 Q1,2019,Q1
ES,320330.0,MANTENÓPOLIS,13750.0,14506.0,2019 Q1,2019,Q1
ES,320335.0,MARILÂNDIA,12960.0,13751.0,2019 Q1,2019,Q1
ES,320100.0,BOA ESPERANÇA,15090.0,12187.0,2019 Q1,2019,Q1
ES,320380.0,MUQUI,13750.0,12261.0,2019 Q1,2019,Q1
ES,320420.0,PIÚMA,22050.0,3280.0,2019 Q1,2019,Q1
ES,320470.0,SÃO GABRIEL DA PALHA,27500.0,26852.0,2019 Q1,2019,Q1
ES,320495.0,SÃO ROQUE DO CANAÃ,11000.0,9941.0,2019 Q1,2019,Q1
ES,320140.0,CASTELO,35750.0,27104.0,2019 Q1,2019,Q1
ES,320220.0,FUNDÃO,16000.0,202.0,2019 Q1,2019,Q1
ES,320245.0,IBATIBA,16500.0,11465.0,2019 Q1,2019,Q1
ES,320320.0,LINHARES,156000.0,73325.0,2019 Q1,2019,Q1
ES,320030.0,ALFREDO CHAVES,11000.0,13068.0,2019 Q1,2019,Q1
ES,320035.0,ALTO RIO NOVO,7872.0,1443.0,2019 Q1,2019,Q1
ES,320350.0,MONTANHA,18888.0,14152.0,2019 Q1,2019,Q1
ES,320370.0,MUNIZ FREIRE,17312.0,12706.0,2019 Q1,2019,Q1
ES,320115.0,BREJETUBA,12425.0,4733.0,2019 Q1,2019,Q1
ES,320190.0,DOMINGOS MARTINS,24750.0,23498.0,2019 Q1,2019,Q1
ES,320200.0,DORES DO RIO PRETO,6771.0,5022.0,2019 Q1,2019,Q1
ES,320210.0,ECOPORANGA,22000.0,15757.0,2019 Q1,2019,Q1
ES,320517.0,VILA VALÉRIO,14070.0,14673.0,2019 Q1,2019,Q1
ES,320265.0,IRUPI,11000.0,4723.0,2019 Q1,2019,Q1
ES,320270.0,ITAGUAÇU,13750.0,8211.0,2019 Q1,2019,Q1
ES,320334.0,MARECHAL FLORIANO,16919.0,14783.0,2019 Q1,2019,Q1
ES,320090.0,BARRA DE SÃO FRANCISCO,33000.0,33071.0,2019 Q1,2019,Q1
ES,320480.0,SÃO JOSÉ DO CALÇADO,10544.0,9586.0,2019 Q1,2019,Q1
ES,320130.0,CARIACICA,224000.0,12695.0,2019 Q1,2019,Q1
ES,320170.0,CONCEIÇÃO DO CASTELO,11000.0,9531.0,2019 Q1,2019,Q1
ES,320305.0,JAGUARÉ,24062.0,14904.0,2019 Q1,2019,Q1
ES,320010.0,AFONSO CLÁUDIO,27500.0,31355.0,2019 Q1,2019,Q1
ES,320020.0,ALEGRE,27500.0,11172.0,2019 Q1,2019,Q1
ES,320050.0,APIACÁ,7554.0,3965.0,2019 Q1,2019,Q1
ES,320120.0,CACHOEIRO DE ITAPEMIRIM,210569.0,150893.0,2019 Q2,2019,Q2
ES,320501.0,SOORETAMA,13750.0,16536.0,2019 Q2,2019,Q2
ES,320506.0,VENDA NOVA DO IMIGRANTE,22000.0,26079.0,2019 Q2,2019,Q2
ES,320280.0,ITAPEMIRIM,27500.0,31138.0,2019 Q2,2019,Q2
ES,320300.0,IÚNA,27500.0,23912.0,2019 Q2,2019,Q2
ES,320360.0,MUCURICI,5496.0,5347.0,2019 Q2,2019,Q2
ES,320390.0,NOVA VENÉCIA,50427.0,43093.0,2019 Q2,2019,Q2
ES,320440.0,RIO NOVO DO SUL,11622.0,10354.0,2019 Q2,2019,Q2
ES,320450.0,SANTA LEOPOLDINA,12195.0,7801.0,2019 Q2,2019,Q2
ES,320455.0,SANTA MARIA DE JETIBÁ,41010.0,29232.0,2019 Q2,2019,Q2
ES,320503.0,VARGEM ALTA,21584.0,16218.0,2019 Q2,2019,Q2
ES,320530.0,VITÓRIA,365814.0,131963.0,2019 Q2,2019,Q2
ES,320240.0,GUARAPARI,76000.0,46442.0,2019 Q2,2019,Q2
ES,320332.0,MARATAÍZES,30250.0,18193.0,2019 Q2,2019,Q2
ES,320400.0,PANCAS,22000.0,20518.0,2019 Q2,2019,Q2
ES,320410.0,PINHEIROS,19250.0,17452.0,2019 Q2,2019,Q2
ES,320460.0,SANTA TERESA,23724.0,20638.0,2019 Q2,2019,Q2
ES,320180.0,DIVINO DE SÃO LOURENÇO,4270.0,4110.0,2019 Q2,2019,Q2
ES,320515.0,VILA PAVÃO,5500.0,6851.0,2019 Q2,2019,Q2
ES,320225.0,GOVERNADOR LINDENBERG,12880.0,12085.0,2019 Q2,2019,Q2
ES,320230.0,GUAÇUÍ,27500.0,19516.0,2019 Q2,2019,Q2
ES,320310.0,JERÔNIMO MONTEIRO,11000.0,8925.0,2019 Q2,2019,Q2
ES,320313.0,JOÃO NEIVA,16500.0,13606.0,2019 Q2,2019,Q2
ES,320016.0,ÁGUA DOCE DO NORTE,10908.0,10412.0,2019 Q2,2019,Q2
ES,320070.0,ATILIO VIVACQUA,12102.0,8472.0,2019 Q2,2019,Q2
ES,320080.0,BAIXO GUANDU,30250.0,26424.0,2019 Q2,2019,Q2
ES,320110.0,BOM JESUS DO NORTE,9960.0,7840.0,2019 Q2,2019,Q2
ES,320405.0,PEDRO CANÁRIO,16500.0,14667.0,2019 Q2,2019,Q2
ES,320425.0,PONTO BELO,7938.0,7168.0,2019 Q2,2019,Q2
ES,320435.0,RIO BANANAL,19250.0,19692.0,2019 Q2,2019,Q2
ES,320465.0,SÃO DOMINGOS DO NORTE,8250.0,9064.0,2019 Q2,2019,Q2
ES,320150.0,COLATINA,123372.0,52172.0,2019 Q2,2019,Q2
ES,320510.0,VIANA,79500.0,36920.0,2019 Q2,2019,Q2
ES,320520.0,VILA VELHA,250000.0,13753.0,2019 Q2,2019,Q2
ES,320255.0,IBITIRAMA,8856.0,6511.0,2019 Q2,2019,Q2
ES,320290.0,ITARANA,10492.0,11780.0,2019 Q2,2019,Q2
ES,320013.0,ÁGUIA BRANCA,9628.0,10326.0,2019 Q2,2019,Q2
ES,320340.0,MIMOSO DO SUL,26112.0,22152.0,2019 Q2,2019,Q2
ES,320430.0,PRESIDENTE KENNEDY,11658.0,14700.0,2019 Q2,2019,Q2
ES,320490.0,SÃO MATEUS,120000.0,75382.0,2019 Q2,2019,Q2
ES,320500.0,SERRA,404000.0,36542.0,2019 Q2,2019,Q2
ES,320160.0,CONCEIÇÃO DA BARRA,24750.0,28250.0,2019 Q2,2019,Q2
ES,320250.0,IBIRAÇU,11000.0,9184.0,2019 Q2,2019,Q2
ES,320260.0,ICONHA,13750.0,11338.0,2019 Q2,2019,Q2
ES,320316.0,LARANJA DA TERRA,10932.0,9249.0,2019 Q2,2019,Q2
ES,320040.0,ANCHIETA,29772.0,28420.0,2019 Q2,2019,Q2
ES,320060.0,ARACRUZ,96000.0,54263.0,2019 Q2,2019,Q2
ES,320330.0,MANTENÓPOLIS,13750.0,14909.0,2019 Q2,2019,Q2
ES,320335.0,MARILÂNDIA,12960.0,13986.0,2019 Q2,2019,Q2
ES,320100.0,BOA ESPERANÇA,15090.0,14513.0,2019 Q2,2019,Q2
ES,320380.0,MUQUI,13750.0,12382.0,2019 Q2,2019,Q2
ES,320420.0,PIÚMA,22050.0,3230.0,2019 Q2,2019,Q2
ES,320470.0,SÃO GABRIEL DA PALHA,27500.0,27758.0,2019 Q2,2019,Q2
ES,320495.0,SÃO ROQUE DO CANAÃ,11000.0,10197.0,2019 Q2,2019,Q2
ES,320140.0,CASTELO,35750.0,28859.0,2019 Q2,2019,Q2
ES,320220.0,FUNDÃO,16000.0,202.0,2019 Q2,2019,Q2
ES,320245.0,IBATIBA,16500.0,13506.0,2019 Q2,2019,Q2
ES,320320.0,LINHARES,156000.0,84749.0,2019 Q2,2019,Q2
ES,320030.0,ALFREDO CHAVES,11000.0,13553.0,2019 Q2,2019,Q2
ES,320035.0,ALTO RIO NOVO,7872.0,1419.0,2019 Q2,2019,Q2
ES,320350.0,MONTANHA,18888.0,14828.0,2019 Q2,2019,Q2
ES,320370.0,MUNIZ FREIRE,17312.0,11393.0,2019 Q2,2019,Q2
ES,320115.0,BREJETUBA,12425.0,4674.0,2019 Q2,2019,Q2
ES,320190.0,DOMINGOS MARTINS,24750.0,23751.0,2019 Q2,2019,Q2
ES,320200.0,DORES DO RIO PRETO,6771.0,5819.0,2019 Q2,2019,Q2
ES,320210.0,ECOPORANGA,22000.0,16052.0,2019 Q2,2019,Q2
ES,320517.0,VILA VALÉRIO,14070.0,15035.0,2019 Q2,2019,Q2
ES,320265.0,IRUPI,11000.0,5102.0,2019 Q2,2019,Q2
ES,320270.0,ITAGUAÇU,13750.0,8780.0,2019 Q2,2019,Q2
ES,320334.0,MARECHAL FLORIANO,16919.0,15306.0,2019 Q2,2019,Q2
ES,320090.0,BARRA DE SÃO FRANCISCO,33000.0,34182.0,2019 Q2,2019,Q2
ES,320480.0,SÃO JOSÉ DO CALÇADO,10544.0,10008.0,2019 Q2,2019,Q2
ES,320130.0,CARIACICA,224000.0,13775.0,2019 Q2,2019,Q2
ES,320170.0,CONCEIÇÃO DO CASTELO,11000.0,9780.0,2019 Q2,2019,Q2
ES,320305.0,JAGUARÉ,24062.0,19683.0,2019 Q2,2019,Q2
ES,320010.0,AFONSO CLÁUDIO,27500.0,32115.0,2019 Q2,2019,Q2
ES,320020.0,ALEGRE,27500.0,11161.0,2019 Q2,2019,Q2
ES,320050.0,APIACÁ,7554.0,4732.0,2019 Q2,2019,Q2
ES,320120.0,CACHOEIRO DE ITAPEMIRIM,210569.0,154571.0,2019 Q3,2019,Q3
ES,320501.0,SOORETAMA,13750.0,16687.0,2019 Q3,2019,Q3
ES,320506.0,VENDA NOVA DO IMIGRANTE,22000.0,26735.0,2019 Q3,2019,Q3
ES,320280.0,ITAPEMIRIM,27500.0,31842.0,2019 Q3,2019,Q3
ES,320300.0,IÚNA,27500.0,24796.0,2019 Q3,2019,Q3
ES,320360.0,MUCURICI,5496.0,5557.0,2019 Q3,2019,Q3
ES,320390.0,NOVA VENÉCIA,50427.0,47567.0,2019 Q3,2019,Q3
ES,320440.0,RIO NOVO DO SUL,11622.0,10629.0,2019 Q3,2019,Q3
ES,320450.0,SANTA LEOPOLDINA,12195.0,8514.0,2019 Q3,2019,Q3
ES,320455.0,SANTA MARIA DE JETIBÁ,41010.0,30906.0,2019 Q3,2019,Q3
ES,320503.0,VARGEM ALTA,21584.0,18930.0,2019 Q3,2019,Q3
ES,320530.0,VITÓRIA,365814.0,144443.0,2019 Q3,2019,Q3
ES,320240.0,GUARAPARI,76000.0,47671.0,2019 Q3,2019,Q3
ES,320332.0,MARATAÍZES,30250.0,18176.0,2019 Q3,2019,Q3
ES,320400.0,PANCAS,22000.0,21402.0,2019 Q3,2019,Q3
ES,320410.0,PINHEIROS,19250.0,17799.0,2019 Q3,2019,Q3
ES,320460.0,SANTA TERESA,23724.0,21103.0,2019 Q3,2019,Q3
ES,320180.0,DIVINO DE SÃO LOURENÇO,4270.0,4292.0,2019 Q3,2019,Q3
ES,320515.0,VILA PAVÃO,5500.0,6916.0,2019 Q3,2019,Q3
ES,320225.0,GOVERNADOR LINDENBERG,12880.0,12245.0,2019 Q3,2019,Q3
ES,320230.0,GUAÇUÍ,27500.0,22230.0,2019 Q3,2019,Q3
ES,320310.0,JERÔNIMO MONTEIRO,11000.0,9067.0,2019 Q3,2019,Q3
ES,320313.0,JOÃO NEIVA,16500.0,13545.0,2019 Q3,2019,Q3
ES,320016.0,ÁGUA DOCE DO NORTE,10908.0,10782.0,2019 Q3,2019,Q3
ES,320070.0,ATILIO VIVACQUA,12102.0,8775.0,2019 Q3,2019,Q3
ES,320080.0,BAIXO GUANDU,30250.0,26887.0,2019 Q3,2019,Q3
ES,320110.0,BOM JESUS DO NORTE,9960.0,8396.0,2019 Q3,2019,Q3
ES,320405.0,PEDRO CANÁRIO,16500.0,15468.0,2019 Q3,2019,Q3
ES,320425.0,PONTO BELO,7938.0,7195.0,2019 Q3,2019,Q3
ES,320435.0,RIO BANANAL,19250.0,19768.0,2019 Q3,2019,Q3
ES,320465.0,SÃO DOMINGOS DO NORTE,8250.0,9334.0,2019 Q3,2019,Q3
ES,320150.0,COLATINA,123372.0,55751.0,2019 Q3,2019,Q3
ES,320510.0,VIANA,79500.0,40074.0,2019 Q3,2019,Q3
ES,320520.0,VILA VELHA,250000.0,19615.0,2019 Q3,2019,Q3
ES,320255.0,IBITIRAMA,8856.0,6889.0,2019 Q3,2019,Q3
ES,320290.0,ITARANA,10492.0,12103.0,2019 Q3,2019,Q3
ES,320013.0,ÁGUIA BRANCA,9628.0,10306.0,2019 Q3,2019,Q3
ES,320340.0,MIMOSO DO SUL,26112.0,22641.0,2019 Q3,2019,Q3
ES,320430.0,PRESIDENTE KENNEDY,11658.0,15019.0,2019 Q3,2019,Q3
ES,320490.0,SÃO MATEUS,120000.0,79189.0,2019 Q3,2019,Q3
ES,320500.0,SERRA,404000.0,78988.0,2019 Q3,2019,Q3
ES,320160.0,CONCEIÇÃO DA BARRA,24750.0,28772.0,2019 Q3,2019,Q3
ES,320250.0,IBIRAÇU,11000.0,9213.0,2019 Q3,2019,Q3
ES,320260.0,ICONHA,13750.0,11727.0,2019 Q3,2019,Q3
ES,320316.0,LARANJA DA TERRA,10932.0,10562.0,2019 Q3,2019,Q3
ES,320040.0,ANCHIETA,29772.0,30545.0,2019 Q3,2019,Q3
ES,320060.0,ARACRUZ,96000.0,57317.0,2019 Q3,2019,Q3
ES,320330.0,MANTENÓPOLIS,13750.0,15173.0,2019 Q3,2019,Q3
ES,320335.0,MARILÂNDIA,12960.0,13985.0,2019 Q3,2019,Q3
ES,320100.0,BOA ESPERANÇA,15090.0,14763.0,2019 Q3,2019,Q3
ES,320380.0,MUQUI,13750.0,13650.0,2019 Q3,2019,Q3
ES,320420.0,PIÚMA,22050.0,3478.0,2019 Q3,2019,Q3
ES,320470.0,SÃO GABRIEL DA PALHA,27500.0,28702.0,2019 Q3,2019,Q3
ES,320495.0,SÃO ROQUE DO CANAÃ,11000.0,10243.0,2019 Q3,2019,Q3
ES,320140.0,CASTELO,35750.0,31976.0,2019 Q3,2019,Q3
ES,320220.0,FUNDÃO,16000.0,201.0,2019 Q3,2019,Q3
ES,320245.0,IBATIBA,16500.0,13989.0,2019 Q3,2019,Q3
ES,320320.0,LINHARES,156000.0,95715.0,2019 Q3,2019,Q3
ES,320030.0,ALFREDO CHAVES,11000.0,14315.0,2019 Q3,2019,Q3
ES,320035.0,ALTO RIO NOVO,7872.0,1403.0,2019 Q3,2019,Q3
ES,320350.0,MONTANHA,18888.0,15595.0,2019 Q3,2019,Q3
ES,320370.0,MUNIZ FREIRE,17312.0,16335.0,2019 Q3,2019,Q3
ES,320115.0,BREJETUBA,12425.0,4615.0,2019 Q3,2019,Q3
ES,320190.0,DOMINGOS MARTINS,24750.0,24615.0,2019 Q3,2019,Q3
ES,320200.0,DORES DO RIO PRETO,6771.0,6140.0,2019 Q3,2019,Q3
ES,320210.0,ECOPORANGA,22000.0,16345.0,2019 Q3,2019,Q3
ES,320517.0,VILA VALÉRIO,14070.0,15330.0,2019 Q3,2019,Q3
ES,320265.0,IRUPI,11000.0,5074.0,2019 Q3,2019,Q3
ES,320270.0,ITAGUAÇU,13750.0,8983.0,2019 Q3,2019,Q3
ES,320334.0,MARECHAL FLORIANO,16919.0,15528.0,2019 Q3,2019,Q3
ES,320090.0,BARRA DE SÃO FRANCISCO,33000.0,35037.0,2019 Q3,2019,Q3
ES,320480.0,SÃO JOSÉ DO CALÇADO,10544.0,10157.0,2019 Q3,2019,Q3
ES,320130.0,CARIACICA,224000.0,15325.0,2019 Q3,2019,Q3
ES,320170.0,CONCEIÇÃO DO CASTELO,11000.0,10035.0,2019 Q3,2019,Q3
ES,320305.0,JAGUARÉ,24062.0,21844.0,2019 Q3,2019,Q3
ES,320010.0,AFONSO CLÁUDIO,27500.0,32609.0,2019 Q3,2019,Q3
ES,320020.0,ALEGRE,27500.0,11346.0,2019 Q3,2019,Q3
ES,320050.0,APIACÁ,7554.0,4802.0,2019 Q3,2019,Q3
ES,320120.0,CACHOEIRO DE ITAPEMIRIM,210569.0,152555.0,2020 Q1,2020,Q1
ES,320501.0,SOORETAMA,13750.0,16559.0,2020 Q1,2020,Q1
ES,320506.0,VENDA NOVA DO IMIGRANTE,22000.0,26956.0,2020 Q1,2020,Q1
ES,320280.0,ITAPEMIRIM,27500.0,34433.0,2020 Q1,2020,Q1
ES,320300.0,IÚNA,27500.0,26832.0,2020 Q1,2020,Q1
ES,320360.0,MUCURICI,5496.0,5207.0,2020 Q1,2020,Q1
ES,320390.0,NOVA VENÉCIA,50427.0,47783.0,2020 Q1,2020,Q1
ES,320440.0,RIO NOVO DO SUL,11622.0,10460.0,2020 Q1,2020,Q1
ES,320450.0,SANTA LEOPOLDINA,12195.0,9020.0,2020 Q1,2020,Q1
ES,320455.0,SANTA MARIA DE JETIBÁ,41010.0,31969.0,2020 Q1,2020,Q1
ES,320503.0,VARGEM ALTA,21584.0,19598.0,2020 Q1,2020,Q1
ES,320530.0,VITÓRIA,365814.0,157247.0,2020 Q1,2020,Q1
ES,320240.0,GUARAPARI,76000.0,48278.0,2020 Q1,2020,Q1
ES,320332.0,MARATAÍZES,30250.0,18126.0,2020 Q1,2020,Q1
ES,320400.0,PANCAS,22000.0,20921.0,2020 Q1,2020,Q1
ES,320410.0,PINHEIROS,19250.0,18150.0,2020 Q1,2020,Q1
ES,320460.0,SANTA TERESA,23724.0,22170.0,2020 Q1,2020,Q1
ES,320180.0,DIVINO DE SÃO LOURENÇO,4270.0,4267.0,2020 Q1,2020,Q1
ES,320515.0,VILA PAVÃO,5500.0,6927.0,2020 Q1,2020,Q1
ES,320225.0,GOVERNADOR LINDENBERG,12880.0,12371.0,2020 Q1,2020,Q1
ES,320230.0,GUAÇUÍ,27500.0,23011.0,2020 Q1,2020,Q1
ES,320310.0,JERÔNIMO MONTEIRO,11000.0,9230.0,2020 Q1,2020,Q1
ES,320313.0,JOÃO NEIVA,16500.0,13751.0,2020 Q1,2020,Q1
ES,320016.0,ÁGUA DOCE DO NORTE,10908.0,11870.0,2020 Q1,2020,Q1
ES,320070.0,ATILIO VIVACQUA,12102.0,8785.0,2020 Q1,2020,Q1
ES,320080.0,BAIXO GUANDU,30250.0,26084.0,2020 Q1,2020,Q1
ES,320110.0,BOM JESUS DO NORTE,9960.0,8497.0,2020 Q1,2020,Q1
ES,320405.0,PEDRO CANÁRIO,16500.0,15784.0,2020 Q1,2020,Q1
ES,320425.0,PONTO BELO,7938.0,7157.0,2020 Q1,2020,Q1
ES,320435.0,RIO BANANAL,19250.0,18353.0,2020 Q1,2020,Q1
ES,320465.0,SÃO DOMINGOS DO NORTE,8250.0,9551.0,2020 Q1,2020,Q1
ES,320150.0,COLATINA,123372.0,60136.0,2020 Q1,2020,Q1
ES,320510.0,VIANA,79500.0,42936.0,2020 Q1,2020,Q1
ES,320520.0,VILA VELHA,250000.0,30434.0,2020 Q1,2020,Q1
ES,320255.0,IBITIRAMA,8856.0,6993.0,2020 Q1,2020,Q1
ES,320290.0,ITARANA,10492.0,12164.0,2020 Q1,2020,Q1
ES,320013.0,ÁGUIA BRANCA,9628.0,10414.0,2020 Q1,2020,Q1
ES,320340.0,MIMOSO DO SUL,26112.0,23661.0,2020 Q1,2020,Q1
ES,320430.0,PRESIDENTE KENNEDY,11658.0,15258.0,2020 Q1,2020,Q1
ES,320490.0,SÃO MATEUS,120000.0,80629.0,2020 Q1,2020,Q1
ES,320500.0,SERRA,404000.0,103268.0,2020 Q1,2020,Q1
ES,320160.0,CONCEIÇÃO DA BARRA,24750.0,29345.0,2020 Q1,2020,Q1
ES,320250.0,IBIRAÇU,11000.0,9087.0,2020 Q1,2020,Q1
ES,320260.0,ICONHA,13750.0,11793.0,2020 Q1,2020,Q1
ES,320316.0,LARANJA DA TERRA,10932.0,10795.0,2020 Q1,2020,Q1
ES,320040.0,ANCHIETA,29772.0,31603.0,2020 Q1,2020,Q1
ES,320060.0,ARACRUZ,96000.0,59516.0,2020 Q1,2020,Q1
ES,320330.0,MANTENÓPOLIS,13750.0,15232.0,2020 Q1,2020,Q1
ES,320335.0,MARILÂNDIA,12960.0,14474.0,2020 Q1,2020,Q1
ES,320100.0,BOA ESPERANÇA,15090.0,15082.0,2020 Q1,2020,Q1
ES,320380.0,MUQUI,13750.0,13598.0,2020 Q1,2020,Q1
ES,320420.0,PIÚMA,22050.0,4295.0,2020 Q1,2020,Q1
ES,320470.0,SÃO GABRIEL DA PALHA,27500.0,29131.0,2020 Q1,2020,Q1
ES,320495.0,SÃO ROQUE DO CANAÃ,11000.0,10308.0,2020 Q1,2020,Q1
ES,320140.0,CASTELO,35750.0,32870.0,2020 Q1,2020,Q1
ES,320220.0,FUNDÃO,16000.0,198.0,2020 Q1,2020,Q1
ES,320245.0,IBATIBA,16500.0,14595.0,2020 Q1,2020,Q1
ES,320320.0,LINHARES,156000.0,103516.0,2020 Q1,2020,Q1
ES,320030.0,ALFREDO CHAVES,11000.0,14349.0,2020 Q1,2020,Q1
ES,320035.0,ALTO RIO NOVO,7872.0,1966.0,2020 Q1,2020,Q1
ES,320350.0,MONTANHA,18888.0,15414.0,2020 Q1,2020,Q1
ES,320370.0,MUNIZ FREIRE,17312.0,16775.0,2020 Q1,2020,Q1
ES,320115.0,BREJETUBA,12425.0,7005.0,2020 Q1,2020,Q1
ES,320190.0,DOMINGOS MARTINS,24750.0,25779.0,2020 Q1,2020,Q1
ES,320200.0,DORES DO RIO PRETO,6771.0,6505.0,2020 Q1,2020,Q1
ES,320210.0,ECOPORANGA,22000.0,16533.0,2020 Q1,2020,Q1
ES,320517.0,VILA VALÉRIO,14070.0,15612.0,2020 Q1,2020,Q1
ES,320265.0,IRUPI,11000.0,5156.0,2020 Q1,2020,Q1
ES,320270.0,ITAGUAÇU,13750.0,9476.0,2020 Q1,2020,Q1
ES,320334.0,MARECHAL FLORIANO,16919.0,16024.0,2020 Q1,2020,Q1
ES,320090.0,BARRA DE SÃO FRANCISCO,33000.0,37241.0,2020 Q1,2020,Q1
ES,320480.0,SÃO JOSÉ DO CALÇADO,10544.0,10144.0,2020 Q1,2020,Q1
ES,320130.0,CARIACICA,224000.0,19517.0,2020 Q1,2020,Q1
ES,320170.0,CONCEIÇÃO DO CASTELO,11000.0,10369.0,2020 Q1,2020,Q1
ES,320305.0,JAGUARÉ,24062.0,24390.0,2020 Q1,2020,Q1
ES,320010.0,AFONSO CLÁUDIO,27500.0,32968.0,2020 Q1,2020,Q1
ES,320020.0,ALEGRE,27500.0,12913.0,2020 Q1,2020,Q1
ES,320050.0,APIACÁ,7554.0,4957.0,2020 Q1,2020,Q1
ES,320120.0,CACHOEIRO DE ITAPEMIRIM,210569.0,152826.0,2020 Q2,2020,Q2
ES,320501.0,SOORETAMA,13750.0,16823.0,2020 Q2,2020,Q2
ES,320506.0,VENDA NOVA DO IMIGRANTE,22000.0,27231.0,2020 Q2,2020,Q2
ES,320280.0,ITAPEMIRIM,27500.0,36483.0,2020 Q2,2020,Q2
ES,320300.0,IÚNA,27500.0,27032.0,2020 Q2,2020,Q2
ES,320360.0,MUCURICI,5496.0,5255.0,2020 Q2,2020,Q2
ES,320390.0,NOVA VENÉCIA,50427.0,52906.0,2020 Q2,2020,Q2
ES,320440.0,RIO NOVO DO SUL,11622.0,10753.0,2020 Q2,2020,Q2
ES,320450.0,SANTA LEOPOLDINA,12195.0,9176.0,2020 Q2,2020,Q2
ES,320455.0,SANTA MARIA DE JETIBÁ,41010.0,34569.0,2020 Q2,2020,Q2
ES,320503.0,VARGEM ALTA,21584.0,20469.0,2020 Q2,2020,Q2
ES,320530.0,VITÓRIA,365814.0,177530.0,2020 Q2,2020,Q2
ES,320240.0,GUARAPARI,76000.0,50519.0,2020 Q2,2020,Q2
ES,320332.0,MARATAÍZES,30250.0,19782.0,2020 Q2,2020,Q2
ES,320400.0,PANCAS,22000.0,20904.0,2020 Q2,2020,Q2
ES,320410.0,PINHEIROS,19250.0,18517.0,2020 Q2,2020,Q2
ES,320460.0,SANTA TERESA,23724.0,23543.0,2020 Q2,2020,Q2
ES,320180.0,DIVINO DE SÃO LOURENÇO,4270.0,4262.0,2020 Q2,2020,Q2
ES,320515.0,VILA PAVÃO,5500.0,6930.0,2020 Q2,2020,Q2
ES,320225.0,GOVERNADOR LINDENBERG,12880.0,12322.0,2020 Q2,2020,Q2
ES,320230.0,GUAÇUÍ,27500.0,23990.0,2020 Q2,2020,Q2
ES,320310.0,JERÔNIMO MONTEIRO,11000.0,9212.0,2020 Q2,2020,Q2
ES,320313.0,JOÃO NEIVA,16500.0,14095.0,2020 Q2,2020,Q2
ES,320016.0,ÁGUA DOCE DO NORTE,10908.0,11908.0,2020 Q2,2020,Q2
ES,320070.0,ATILIO VIVACQUA,12102.0,9339.0,2020 Q2,2020,Q2
ES,320080.0,BAIXO GUANDU,30250.0,26264.0,2020 Q2,2020,Q2
ES,320110.0,BOM JESUS DO NORTE,9960.0,8560.0,2020 Q2,2020,Q2
ES,320405.0,PEDRO CANÁRIO,16500.0,16312.0,2020 Q2,2020,Q2
ES,320425.0,PONTO BELO,7938.0,7082.0,2020 Q2,2020,Q2
ES,320435.0,RIO BANANAL,19250.0,18000.0,2020 Q2,2020,Q2
ES,320465.0,SÃO DOMINGOS DO NORTE,8250.0,9427.0,2020 Q2,2020,Q2
ES,320150.0,COLATINA,123372.0,61870.0,2020 Q2,2020,Q2
ES,320510.0,VIANA,79500.0,50509.0,2020 Q2,2020,Q2
ES,320520.0,VILA VELHA,250000.0,91363.0,2020 Q2,2020,Q2
ES,320255.0,IBITIRAMA,8856.0,7237.0,2020 Q2,2020,Q2
ES,320290.0,ITARANA,10492.0,11960.0,2020 Q2,2020,Q2
ES,320013.0,ÁGUIA BRANCA,9628.0,10585.0,2020 Q2,2020,Q2
ES,320340.0,MIMOSO DO SUL,26112.0,24044.0,2020 Q2,2020,Q2
ES,320430.0,PRESIDENTE KENNEDY,11658.0,15645.0,2020 Q2,2020,Q2
ES,320490.0,SÃO MATEUS,120000.0,83325.0,2020 Q2,2020,Q2
ES,320500.0,SERRA,404000.0,118669.0,2020 Q2,2020,Q2
ES,320160.0,CONCEIÇÃO DA BARRA,24750.0,29273.0,2020 Q2,2020,Q2
ES,320250.0,IBIRAÇU,11000.0,9009.0,2020 Q2,2020,Q2
ES,320260.0,ICONHA,13750.0,12539.0,2020 Q2,2020,Q2
ES,320316.0,LARANJA DA TERRA,10932.0,11138.0,2020 Q2,2020,Q2
ES,320040.0,ANCHIETA,29772.0,32473.0,2020 Q2,2020,Q2
ES,320060.0,ARACRUZ,96000.0,69403.0,2020 Q2,2020,Q2
ES,320330.0,MANTENÓPOLIS,13750.0,15182.0,2020 Q2,2020,Q2
ES,320335.0,MARILÂNDIA,12960.0,14755.0,2020 Q2,2020,Q2
ES,320100.0,BOA ESPERANÇA,15090.0,15140.0,2020 Q2,2020,Q2
ES,320380.0,MUQUI,13750.0,13604.0,2020 Q2,2020,Q2
ES,320420.0,PIÚMA,22050.0,4832.0,2020 Q2,2020,Q2
ES,320470.0,SÃO GABRIEL DA PALHA,27500.0,30006.0,2020 Q2,2020,Q2
ES,320495.0,SÃO ROQUE DO CANAÃ,11000.0,10446.0,2020 Q2,2020,Q2
ES,320140.0,CASTELO,35750.0,33503.0,2020 Q2,2020,Q2
ES,320220.0,FUNDÃO,16000.0,382.0,2020 Q2,2020,Q2
ES,320245.0,IBATIBA,16500.0,14864.0,2020 Q2,2020,Q2
ES,320320.0,LINHARES,156000.0,115849.0,2020 Q2,2020,Q2
ES,320030.0,ALFREDO CHAVES,11000.0,14751.0,2020 Q2,2020,Q2
ES,320035.0,ALTO RIO NOVO,7872.0,2994.0,2020 Q2,2020,Q2
ES,320350.0,MONTANHA,18888.0,15608.0,2020 Q2,2020,Q2
ES,320370.0,MUNIZ FREIRE,17312.0,17647.0,2020 Q2,2020,Q2
ES,320115.0,BREJETUBA,12425.0,8458.0,2020 Q2,2020,Q2
ES,320190.0,DOMINGOS MARTINS,24750.0,27360.0,2020 Q2,2020,Q2
ES,320200.0,DORES DO RIO PRETO,6771.0,6488.0,2020 Q2,2020,Q2
ES,320210.0,ECOPORANGA,22000.0,16746.0,2020 Q2,2020,Q2
ES,320517.0,VILA VALÉRIO,14070.0,15608.0,2020 Q2,2020,Q2
ES,320265.0,IRUPI,11000.0,5201.0,2020 Q2,2020,Q2
ES,320270.0,ITAGUAÇU,13750.0,9826.0,2020 Q2,2020,Q2
ES,320334.0,MARECHAL FLORIANO,16919.0,17224.0,2020 Q2,2020,Q2
ES,320090.0,BARRA DE SÃO FRANCISCO,33000.0,37945.0,2020 Q2,2020,Q2
ES,320480.0,SÃO JOSÉ DO CALÇADO,10544.0,10298.0,2020 Q2,2020,Q2
ES,320130.0,CARIACICA,224000.0,29795.0,2020 Q2,2020,Q2
ES,320170.0,CONCEIÇÃO DO CASTELO,11000.0,10596.0,2020 Q2,2020,Q2
ES,320305.0,JAGUARÉ,24062.0,26002.0,2020 Q2,2020,Q2
ES,320010.0,AFONSO CLÁUDIO,27500.0,33159.0,2020 Q2,2020,Q2
ES,320020.0,ALEGRE,27500.0,13179.0,2020 Q2,2020,Q2
ES,320050.0,APIACÁ,7554.0,5462.0,2020 Q2,2020,Q2
ES,320120.0,CACHOEIRO DE ITAPEMIRIM,210569.0,153851.0,2020 Q3,2020,Q3
ES,320501.0,SOORETAMA,13750.0,17415.0,2020 Q3,2020,Q3
ES,320506.0,VENDA NOVA DO IMIGRANTE,22000.0,27828.0,2020 Q3,2020,Q3
ES,320280.0,ITAPEMIRIM,27500.0,37768.0,2020 Q3,2020,Q3
ES,320300.0,IÚNA,27500.0,27186.0,2020 Q3,2020,Q3
ES,320360.0,MUCURICI,5496.0,5335.0,2020 Q3,2020,Q3
ES,320390.0,NOVA VENÉCIA,50427.0,53141.0,2020 Q3,2020,Q3
ES,320440.0,RIO NOVO DO SUL,11622.0,10839.0,2020 Q3,2020,Q3
ES,320450.0,SANTA LEOPOLDINA,12195.0,9576.0,2020 Q3,2020,Q3
ES,320455.0,SANTA MARIA DE JETIBÁ,41010.0,36789.0,2020 Q3,2020,Q3
ES,320503.0,VARGEM ALTA,21584.0,21040.0,2020 Q3,2020,Q3
ES,320530.0,VITÓRIA,365814.0,196702.0,2020 Q3,2020,Q3
ES,320240.0,GUARAPARI,76000.0,52039.0,2020 Q3,2020,Q3
ES,320332.0,MARATAÍZES,30250.0,21827.0,2020 Q3,2020,Q3
ES,320400.0,PANCAS,22000.0,20896.0,2020 Q3,2020,Q3
ES,320410.0,PINHEIROS,19250.0,19334.0,2020 Q3,2020,Q3
ES,320460.0,SANTA TERESA,23724.0,24522.0,2020 Q3,2020,Q3
ES,320180.0,DIVINO DE SÃO LOURENÇO,4270.0,4282.0,2020 Q3,2020,Q3
ES,320515.0,VILA PAVÃO,5500.0,7205.0,2020 Q3,2020,Q3
ES,320225.0,GOVERNADOR LINDENBERG,12880.0,12310.0,2020 Q3,2020,Q3
ES,320230.0,GUAÇUÍ,27500.0,24567.0,2020 Q3,2020,Q3
ES,320310.0,JERÔNIMO MONTEIRO,11000.0,9058.0,2020 Q3,2020,Q3
ES,320313.0,JOÃO NEIVA,16500.0,14483.0,2020 Q3,2020,Q3
ES,320016.0,ÁGUA DOCE DO NORTE,10908.0,11936.0,2020 Q3,2020,Q3
ES,320070.0,ATILIO VIVACQUA,12102.0,9639.0,2020 Q3,2020,Q3
ES,320080.0,BAIXO GUANDU,30250.0,26514.0,2020 Q3,2020,Q3
ES,320110.0,BOM JESUS DO NORTE,9960.0,9023.0,2020 Q3,2020,Q3
ES,320405.0,PEDRO CANÁRIO,16500.0,16623.0,2020 Q3,2020,Q3
ES,320425.0,PONTO BELO,7938.0,7302.0,2020 Q3,2020,Q3
ES,320435.0,RIO BANANAL,19250.0,18133.0,2020 Q3,2020,Q3
ES,320465.0,SÃO DOMINGOS DO NORTE,8250.0,9694.0,2020 Q3,2020,Q3
ES,320150.0,COLATINA,123372.0,65173.0,2020 Q3,2020,Q3
ES,320510.0,VIANA,79500.0,55189.0,2020 Q3,2020,Q3
ES,320520.0,VILA VELHA,250000.0,119298.0,2020 Q3,2020,Q3
ES,320255.0,IBITIRAMA,8856.0,7445.0,2020 Q3,2020,Q3
ES,320290.0,ITARANA,10492.0,11955.0,2020 Q3,2020,Q3
ES,320013.0,ÁGUIA BRANCA,9628.0,10394.0,2020 Q3,2020,Q3
ES,320340.0,MIMOSO DO SUL,26112.0,24732.0,2020 Q3,2020,Q3
ES,320430.0,PRESIDENTE KENNEDY,11658.0,15792.0,2020 Q3,2020,Q3
ES,320490.0,SÃO MATEUS,120000.0,86454.0,2020 Q3,2020,Q3
ES,320500.0,SERRA,404000.0,162723.0,2020 Q3,2020,Q3
ES,320160.0,CONCEIÇÃO DA BARRA,24750.0,30315.0,2020 Q3,2020,Q3
ES,320250.0,IBIRAÇU,11000.0,8933.0,2020 Q3,2020,Q3
ES,320260.0,ICONHA,13750.0,12695.0,2020 Q3,2020,Q3
ES,320316.0,LARANJA DA TERRA,10932.0,11612.0,2020 Q3,2020,Q3
ES,320040.0,ANCHIETA,29772.0,33422.0,2020 Q3,2020,Q3
ES,320060.0,ARACRUZ,96000.0,70201.0,2020 Q3,2020,Q3
ES,320330.0,MANTENÓPOLIS,13750.0,15262.0,2020 Q3,2020,Q3
ES,320335.0,MARILÂNDIA,12960.0,14997.0,2020 Q3,2020,Q3
ES,320100.0,BOA ESPERANÇA,15090.0,15347.0,2020 Q3,2020,Q3
ES,320380.0,MUQUI,13750.0,13375.0,2020 Q3,2020,Q3
ES,320420.0,PIÚMA,22050.0,6291.0,2020 Q3,2020,Q3
ES,320470.0,SÃO GABRIEL DA PALHA,27500.0,31798.0,2020 Q3,2020,Q3
ES,320495.0,SÃO ROQUE DO CANAÃ,11000.0,10403.0,2020 Q3,2020,Q3
ES,320140.0,CASTELO,35750.0,34654.0,2020 Q3,2020,Q3
ES,320220.0,FUNDÃO,16000.0,1741.0,2020 Q3,2020,Q3
ES,320245.0,IBATIBA,16500.0,15799.0,2020 Q3,2020,Q3
ES,320320.0,LINHARES,156000.0,123996.0,2020 Q3,2020,Q3
ES,320030.0,ALFREDO CHAVES,11000.0,13068.0,2020 Q3,2020,Q3
ES,320035.0,ALTO RIO NOVO,7872.0,3350.0,2020 Q3,2020,Q3
ES,320350.0,MONTANHA,18888.0,16072.0,2020 Q3,2020,Q3
ES,320370.0,MUNIZ FREIRE,17312.0,18230.0,2020 Q3,2020,Q3
ES,320115.0,BREJETUBA,12425.0,8466.0,2020 Q3,2020,Q3
ES,320190.0,DOMINGOS MARTINS,24750.0,28812.0,2020 Q3,2020,Q3
ES,320200.0,DORES DO RIO PRETO,6771.0,6633.0,2020 Q3,2020,Q3
ES,320210.0,ECOPORANGA,22000.0,16500.0,2020 Q3,2020,Q3
ES,320517.0,VILA VALÉRIO,14070.0,15747.0,2020 Q3,2020,Q3
ES,320265.0,IRUPI,11000.0,5390.0,2020 Q3,2020,Q3
ES,320270.0,ITAGUAÇU,13750.0,10141.0,2020 Q3,2020,Q3
ES,320334.0,MARECHAL FLORIANO,16919.0,17668.0,2020 Q3,2020,Q3
ES,320090.0,BARRA DE SÃO FRANCISCO,33000.0,38413.0,2020 Q3,2020,Q3
ES,320480.0,SÃO JOSÉ DO CALÇADO,10544.0,10314.0,2020 Q3,2020,Q3
ES,320130.0,CARIACICA,224000.0,46516.0,2020 Q3,2020,Q3
ES,320170.0,CONCEIÇÃO DO CASTELO,11000.0,11195.0,2020 Q3,2020,Q3
ES,320305.0,JAGUARÉ,24062.0,26883.0,2020 Q3,2020,Q3
ES,320010.0,AFONSO CLÁUDIO,27500.0,33524.0,2020 Q3,2020,Q3
ES,320020.0,ALEGRE,27500.0,19087.0,2020 Q3,2020,Q3
ES,320050.0,APIACÁ,7554.0,6113.0,2020 Q3,2020,Q3
ES,320120.0,CACHOEIRO DE ITAPEMIRIM,210569.0,170477.0,2021 Q1,2021,Q1
ES,320501.0,SOORETAMA,13750.0,18820.0,2021 Q1,2021,Q1
ES,320506.0,VENDA NOVA DO IMIGRANTE,22000.0,28335.0,2021 Q1,2021,Q1
ES,320280.0,ITAPEMIRIM,27500.0,37663.0,2021 Q1,2021,Q1
ES,320300.0,IÚNA,27500.0,27133.0,2021 Q1,2021,Q1
ES,320360.0,MUCURICI,5496.0,6197.0,2021 Q1,2021,Q1
ES,320390.0,NOVA VENÉCIA,50427.0,54449.0,2021 Q1,2021,Q1
ES,320440.0,RIO NOVO DO SUL,11622.0,12088.0,2021 Q1,2021,Q1
ES,320450.0,SANTA LEOPOLDINA,12195.0,10121.0,2021 Q1,2021,Q1
ES,320455.0,SANTA MARIA DE JETIBÁ,41010.0,38548.0,2021 Q1,2021,Q1
ES,320503.0,VARGEM ALTA,21584.0,22387.0,2021 Q1,2021,Q1
ES,320530.0,VITÓRIA,365814.0,223296.0,2021 Q1,2021,Q1
ES,320240.0,GUARAPARI,76000.0,53912.0,2021 Q1,2021,Q1
ES,320332.0,MARATAÍZES,30250.0,28512.0,2021 Q1,2021,Q1
ES,320400.0,PANCAS,22000.0,21214.0,2021 Q1,2021,Q1
ES,320410.0,PINHEIROS,19250.0,21300.0,2021 Q1,2021,Q1
ES,320460.0,SANTA TERESA,23724.0,26012.0,2021 Q1,2021,Q1
ES,320180.0,DIVINO DE SÃO LOURENÇO,4270.0,4579.0,2021 Q1,2021,Q1
ES,320515.0,VILA PAVÃO,5500.0,7570.0,2021 Q1,2021,Q1
ES,320225.0,GOVERNADOR LINDENBERG,12880.0,12910.0,2021 Q1,2021,Q1
ES,320230.0,GUAÇUÍ,27500.0,26459.0,2021 Q1,2021,Q1
ES,320310.0,JERÔNIMO MONTEIRO,11000.0,10228.0,2021 Q1,2021,Q1
ES,320313.0,JOÃO NEIVA,16500.0,16590.0,2021 Q1,2021,Q1
ES,320016.0,ÁGUA DOCE DO NORTE,10908.0,12735.0,2021 Q1,2021,Q1
ES,320070.0,ATILIO VIVACQUA,12102.0,11052.0,2021 Q1,2021,Q1
ES,320080.0,BAIXO GUANDU,30250.0,29377.0,2021 Q1,2021,Q1
ES,320110.0,BOM JESUS DO NORTE,9960.0,9195.0,2021 Q1,2021,Q1
ES,320405.0,PEDRO CANÁRIO,16500.0,21963.0,2021 Q1,2021,Q1
ES,320425.0,PONTO BELO,7938.0,7660.0,2021 Q1,2021,Q1
ES,320435.0,RIO BANANAL,19250.0,22078.0,2021 Q1,2021,Q1
ES,320465.0,SÃO DOMINGOS DO NORTE,8250.0,10172.0,2021 Q1,2021,Q1
ES,320150.0,COLATINA,123372.0,72268.0,2021 Q1,2021,Q1
ES,320510.0,VIANA,79500.0,56258.0,2021 Q1,2021,Q1
ES,320520.0,VILA VELHA,250000.0,153334.0,2021 Q1,2021,Q1
ES,320255.0,IBITIRAMA,8856.0,9711.0,2021 Q1,2021,Q1
ES,320290.0,ITARANA,10492.0,12045.0,2021 Q1,2021,Q1
ES,320013.0,ÁGUIA BRANCA,9628.0,10725.0,2021 Q1,2021,Q1
ES,320340.0,MIMOSO DO SUL,26112.0,25756.0,2021 Q1,2021,Q1
ES,320430.0,PRESIDENTE KENNEDY,11658.0,16048.0,2021 Q1,2021,Q1
ES,320490.0,SÃO MATEUS,120000.0,90115.0,2021 Q1,2021,Q1
ES,320500.0,SERRA,404000.0,199549.0,2021 Q1,2021,Q1
ES,320160.0,CONCEIÇÃO DA BARRA,24750.0,30670.0,2021 Q1,2021,Q1
ES,320250.0,IBIRAÇU,11000.0,9669.0,2021 Q1,2021,Q1
ES,320260.0,ICONHA,13750.0,11424.0,2021 Q1,2021,Q1
ES,320316.0,LARANJA DA TERRA,10932.0,11996.0,2021 Q1,2021,Q1
ES,320040.0,ANCHIETA,29772.0,34188.0,2021 Q1,2021,Q1
ES,320060.0,ARACRUZ,96000.0,76164.0,2021 Q1,2021,Q1
ES,320330.0,MANTENÓPOLIS,13750.0,15432.0,2021 Q1,2021,Q1
ES,320335.0,MARILÂNDIA,12960.0,15259.0,2021 Q1,2021,Q1
ES,320100.0,BOA ESPERANÇA,15090.0,15639.0,2021 Q1,2021,Q1
ES,320380.0,MUQUI,13750.0,13454.0,2021 Q1,2021,Q1
ES,320420.0,PIÚMA,22050.0,7334.0,2021 Q1,2021,Q1
ES,320470.0,SÃO GABRIEL DA PALHA,27500.0,32293.0,2021 Q1,2021,Q1
ES,320495.0,SÃO ROQUE DO CANAÃ,11000.0,10775.0,2021 Q1,2021,Q1
ES,320140.0,CASTELO,35750.0,35337.0,2021 Q1,2021,Q1
ES,320220.0,FUNDÃO,16000.0,1836.0,2021 Q1,2021,Q1
ES,320245.0,IBATIBA,16500.0,16529.0,2021 Q1,2021,Q1
ES,320320.0,LINHARES,156000.0,141243.0,2021 Q1,2021,Q1
ES,320030.0,ALFREDO CHAVES,11000.0,13104.0,2021 Q1,2021,Q1
ES,320035.0,ALTO RIO NOVO,7872.0,4696.0,2021 Q1,2021,Q1
ES,320350.0,MONTANHA,18888.0,18683.0,2021 Q1,2021,Q1
ES,320370.0,MUNIZ FREIRE,17312.0,18839.0,2021 Q1,2021,Q1
ES,320115.0,BREJETUBA,12425.0,8998.0,2021 Q1,2021,Q1
ES,320190.0,DOMINGOS MARTINS,24750.0,31845.0,2021 Q1,2021,Q1
ES,320200.0,DORES DO RIO PRETO,6771.0,6596.0,2021 Q1,2021,Q1
ES,320210.0,ECOPORANGA,22000.0,17239.0,2021 Q1,2021,Q1
ES,320517.0,VILA VALÉRIO,14070.0,15966.0,2021 Q1,2021,Q1
ES,320265.0,IRUPI,11000.0,11127.0,2021 Q1,2021,Q1
ES,320270.0,ITAGUAÇU,13750.0,11284.0,2021 Q1,2021,Q1
ES,320334.0,MARECHAL FLORIANO,16919.0,18888.0,2021 Q1,2021,Q1
ES,320090.0,BARRA DE SÃO FRANCISCO,33000.0,40333.0,2021 Q1,2021,Q1
ES,320480.0,SÃO JOSÉ DO CALÇADO,10544.0,10546.0,2021 Q1,2021,Q1
ES,320130.0,CARIACICA,224000.0,150471.0,2021 Q1,2021,Q1
ES,320170.0,CONCEIÇÃO DO CASTELO,11000.0,12485.0,2021 Q1,2021,Q1
ES,320305.0,JAGUARÉ,24062.0,27939.0,2021 Q1,2021,Q1
ES,320010.0,AFONSO CLÁUDIO,27500.0,33977.0,2021 Q1,2021,Q1
ES,320020.0,ALEGRE,27500.0,24106.0,2021 Q1,2021,Q1
ES,320050.0,APIACÁ,7554.0,7017.0,2021 Q1,2021,Q1
